id;nom_client;prenom;email;password
1;pschitt au moyen de;si incognito;Jourdain82@gmail.com;également
2;oh pin-pon puisque;ah;Yolande.Deschamps5@gmail.com;glouglou snif solitaire
3;responsable antagoniste;comment envoyer spécialiste;Melanie5@yahoo.fr;prestataire de services
4;ah alors que;énumérer;Jeanned6c9Arc_Louis@hotmail.fr;soit oh
5;émérite;engendrer coupable animer;Annette.Bonnet86@hotmail.fr;incognito pousser
6;mairie installer tellement;commissionnaire;Jeremie58@hotmail.fr;quitte à parce que rose
7;émérite;vlan émérite résonner;Ozanne_Breton@yahoo.fr;ouah derrière
8;diététiste;plutôt repasser au dépens de;Macaire.Morin@yahoo.fr;là population du Québec
9;sitôt que quitte à en outre de;bang;Hilaire_Arnaud@yahoo.fr;actionnaire
10;pourvu que communauté étudiante alors que;après que smack certainement;Camelien_Faure@yahoo.fr;inspirer
