id;nom_terrain;photo;photo_content_type;adresse;latitude;longitude;jhi_rank;type;etat;description;type_sal;tarif
1;puisque;../fake-data/blob/hipster.png;image/png;personnel professionnel hormis si bien que;21007.93;12024.65;27604;combien trop;avant de fumer débarrasser;de manière à ce que effondrer;contenter rédaction équipe;commissionnaire secours devant
2;mairie là ouin;../fake-data/blob/hipster.png;image/png;novice coac coac aigre;23039.26;6673.67;14108;main-d’œuvre;commis de cuisine autrement sitôt que;rejeter incalculable au-dedans de;broum diplomate conseil municipal;magenta
3;si aussi diplomate;../fake-data/blob/hipster.png;image/png;peu;27030.12;18265.15;1447;psitt spécialiste en guise de;patientèle bzzz;apte horrible rouler;ouin grossir;personnel professionnel puisque d'avec
4;du côté de;../fake-data/blob/hipster.png;image/png;doucement;9457.76;9537.77;23268;si bien que solitaire après que;économiser clac ici;insulter;blesser;groin groin incalculable
5;vivace;../fake-data/blob/hipster.png;image/png;ouille;24220.42;24967.41;22182;au-devant de manière à ce que efficace;résumer insipide électorat;administration snif responsable;magnifique communauté étudiante souffler;partenaire à l'égard de pourvu que
6;placer;../fake-data/blob/hipster.png;image/png;cot cot témoigner;1096.6;27066.93;23191;à défaut de  en vérité;adepte;étudier énoncer d'entre;rétablir;personnel professionnel
7;impromptu;../fake-data/blob/hipster.png;image/png;charitable secours;2162.35;25337.12;19545;hi à la faveur de;membre de l’équipe cadre au prix de;hôte smack;aimable en dépit de;bon
8;clac à partir de;../fake-data/blob/hipster.png;image/png;exécuter du fait que;5255.07;32493.7;2139;comme;réfléchir actionnaire;trouver;joliment plouf pourpre;consoler coin-coin si
9;quand même si maigre;../fake-data/blob/hipster.png;image/png;personnel professionnel oups toc-toc;1470.59;17303.04;30211;en bas de pin-pon;bon commis de cuisine;exprès;cyan carrément;gai de peur que
10;fonctionnaire également franchir;../fake-data/blob/hipster.png;image/png;pis;15397.69;26869.22;28392;grandement vroum;entièrement rédaction cuicui;malgré tout à fait;habiter;raide adepte ha ha
